video_path,subject_consistency,background_consistency,temporal_flickering,motion_smoothness,dynamic_degree,aesthetic_quality,imaging_quality,object_class,multiple_objects,human_action,color,spatial_relationship,scene,temporal_style,appearance_style,overall_consistency
Inside_Out-Scene-0383.mp4,0.9625883210273016,0.977436755952381,0.9855868246041092,0.9893489731112748,1,0.588580310344696,72.79435226152528,0,0,0,0,0,0,0.25093376636505127,0,0.25093376636505127
Inside_Out-Scene-0096.mp4,0.8148888171796339,0.9009465596762049,0.9942942666072472,0.9952036187847241,0,0.6060050129890442,55.27391810644241,0,0,0,0,0,0,0.18188101053237915,0,0.18188101053237915
Inside_Out-Scene-0983.mp4,0.8637164215678754,0.9121836786684783,0.9750093890171425,0.9863517971581302,1,0.4664405882358551,63.787171558667254,0,0,0,0,0,0,0.19053727388381958,0,0.19053727388381958
Inside_Out-Scene-0105.mp4,0.9748674456743484,0.9826686128656915,0.993803435680913,0.9955502354945568,0,0.6929804086685181,64.56960882889597,0,0,0,0,0,0,0.22708237171173096,0,0.22708237171173096
Inside_Out-Scene-0554.mp4,0.9598292528111257,0.9575978973765432,0.9787341267454858,0.9867415196897946,1,0.6190874576568604,66.47156915432069,0,0,0,0,0,0,0.19582593441009521,0,0.19582593441009521
Inside_Out-Scene-0494.mp4,0.9832432202889886,0.9752455160651409,0.9972157885046566,0.996724778118552,0,0.5982396006584167,64.49233049816556,0,0,0,0,0,0,0.1910548359155655,0,0.1910548359155655
Inside_Out-Scene-0623.mp4,0.910340402437293,0.9520608653192935,0.9752205904792337,0.9890470624880499,1,0.6283854842185974,65.4364756922568,0,0,0,0,0,0,0.12847542762756348,0,0.12847542762756348
Inside_Out-Scene-0645.mp4,0.7898156761358945,0.9010917467948718,0.9837930155735389,0.9933419560217512,1,0.5989176630973816,45.29048002218898,0,0,0,0,0,0,0.2155785858631134,0,0.2155785858631134
Inside_Out-Scene-0598.mp4,0.9250249065709918,0.9669834094101124,0.9754128400017233,0.985872561813785,1,0.5993916988372803,74.4499055226644,0,0,0,0,0,0,0.21840377151966095,0,0.21840377151966095
Inside_Out-Scene-0648.mp4,0.9972878523446895,0.9959332501446759,0.9995592595607626,0.9979613853731459,0,0.5843976736068726,79.87775281153688,0,0,0,0,0,0,0.1666952669620514,0,0.1666952669620514
Inside_Out-Scene-0405.mp4,0.8647692195372656,0.9460220336914062,0.987349625194774,0.9918133354916523,1,0.6336501836776733,72.20573188722595,0,0,0,0,0,0,0.16609114408493042,0,0.16609114408493042
Inside_Out-Scene-0558.mp4,0.8763528591861912,0.9277870327818627,0.9709817549761603,0.9825930892535499,1,0.5240636467933655,65.1884352944114,0,0,0,0,0,0,0.15439589321613312,0,0.15439589321613312
Inside_Out-Scene-0796.mp4,0.7367440213759741,0.8711094000400641,0.9352570402855966,0.9552810829288453,1,0.526177167892456,64.76564081409309,0,0,0,0,0,0,0.09249089658260345,0,0.09249089658260345
Inside_Out-Scene-0402.mp4,0.8679783358130344,0.9161954184835271,0.9907552130082075,0.9941170985156376,1,0.6249510049819946,73.68814491858849,0,0,0,0,0,0,0.13836932182312012,0,0.13836932182312012
Inside_Out-Scene-0441.mp4,0.9872515272526514,0.9696684337797619,0.9958804457795386,0.9968052279308829,0,0.5621163845062256,74.51235126804661,0,0,0,0,0,0,0.25097376108169556,0,0.25097376108169556
Inside_Out-Scene-0159.mp4,0.8199128649838558,0.9328010856331169,0.9792869923161526,0.988025851917413,1,0.6450660228729248,74.5871440202762,0,0,0,0,0,0,0.15774963796138763,0,0.15774963796138763
Inside_Out-Scene-0273.mp4,0.8306009616400745,0.9470660235430743,0.9924520291534125,0.9942769147398351,1,0.6718831062316895,66.01687629750911,0,0,0,0,0,0,0.1399349868297577,0,0.1399349868297577
Inside_Out-Scene-0293.mp4,0.9520514666249877,0.9546765779194079,0.9782237539104387,0.992544303248969,1,0.6604089140892029,77.19381644509055,0,0,0,0,0,0,0.14233723282814026,0,0.14233723282814026
Inside_Out-Scene-0739.mp4,0.7758813006489464,0.8833364422401685,0.9661598916147269,0.980074212360075,1,0.5741334557533264,72.32275132073296,0,0,0,0,0,0,0.14707806706428528,0,0.14707806706428528
Inside_Out-Scene-0955.mp4,0.8851906206363287,0.9342322716346154,0.9584616343180339,0.9853065051908438,1,0.618193507194519,60.4189203479622,0,0,0,0,0,0,0.16162043809890747,0,0.16162043809890747
Inside_Out-Scene-0988.mp4,0.9599786542356015,0.9471466064453125,0.9732344870473825,0.9852037256887708,1,0.508618950843811,74.95515733883704,0,0,0,0,0,0,0.18910068273544312,0,0.18910068273544312
Inside_Out-Scene-0070.mp4,0.9324105625421228,0.9453847106073944,0.9829398678798301,0.9914972024457932,1,0.5756757855415344,71.837969356113,0,0,0,0,0,0,0.18830789625644684,0,0.18830789625644684
Inside_Out-Scene-0318.mp4,0.9841738410971381,0.9878026788884943,0.9936937313453824,0.9958638327535407,1,0.7166434526443481,73.39898332498841,0,0,0,0,0,0,0.14529308676719666,0,0.14529308676719666
Inside_Out-Scene-0929.mp4,0.7510049222037196,0.8883797781808036,0.9838062585568895,0.9885620740660591,1,0.4594523310661316,30.05187643101785,0,0,0,0,0,0,0.15465299785137177,0,0.15465299785137177
Inside_Out-Scene-0891.mp4,0.9142607693609438,0.9518935889528509,0.973622522167131,0.9861114624851005,1,0.6518256068229675,67.39827078114385,0,0,0,0,0,0,0.23305632174015045,0,0.23305632174015045
Inside_Out-Scene-0173.mp4,0.9290334151303472,0.9690809013429752,0.9905688192330154,0.9928764805274819,1,0.6565637588500977,74.49536207855725,0,0,0,0,0,0,0.15982285141944885,0,0.15982285141944885
Inside_Out-Scene-0572.mp4,0.9201649913191795,0.9558544921875,0.9825520029254988,0.9963924142913338,1,0.49594417214393616,71.79860830779123,0,0,0,0,0,0,0.11422620713710785,0,0.11422620713710785
Inside_Out-Scene-0517.mp4,0.9556489769173296,0.9628054970189145,0.9935378892748964,0.9951626282823071,1,0.5721438527107239,69.24269021726123,0,0,0,0,0,0,0.1716814637184143,0,0.1716814637184143
Inside_Out-Scene-0972.mp4,0.9825115745387426,0.9543040205792683,0.9919352634280336,0.9942971696871562,0,0.563639223575592,71.41278030211667,0,0,0,0,0,0,0.21198950707912445,0,0.21198950707912445
Inside_Out-Scene-0791.mp4,0.8735194423911619,0.9458917356004902,0.9972450532165228,0.9954684748506035,0,0.579926073551178,66.82596528877332,0,0,0,0,0,0,0.21082451939582825,0,0.21082451939582825
Inside_Out-Scene-0385.mp4,0.5927038197716077,0.7415402143429487,0.9892304083880257,0.992988653401467,0,0.6732574701309204,76.34919832190688,0,0,0,0,0,0,0.2171483337879181,0,0.2171483337879181
Inside_Out-Scene-0641.mp4,0.8070514416322112,0.8840731107271634,0.9607640472112917,0.9733927964845424,1,0.6009015440940857,68.50122477213542,0,0,0,0,0,0,0.25114941596984863,0,0.25114941596984863
Inside_Out-Scene-0583.mp4,0.8812197383094884,0.9551149764150944,0.984312541812074,0.9916598765495936,1,0.657712459564209,53.73106882572174,0,0,0,0,0,0,0.25877484679222107,0,0.25877484679222107
Inside_Out-Scene-0859.mp4,0.9665603326572166,0.965562757554945,0.9890308698018392,0.9931746595300214,1,0.5554903149604797,74.52508984441343,0,0,0,0,0,0,0.2482094168663025,0,0.2482094168663025
Inside_Out-Scene-0269.mp4,0.9770989448063133,0.9805293120155039,0.9943329778372073,0.9960351956596118,1,0.707874596118927,54.99009807293232,0,0,0,0,0,0,0.1549055129289627,0,0.1549055129289627
Inside_Out-Scene-0488.mp4,0.976590572259365,0.9648077549078525,0.9938949580286064,0.9940573516593708,0,0.6117103695869446,64.14321709894071,0,0,0,0,0,0,0.2653104066848755,0,0.2653104066848755
Inside_Out-Scene-0370.mp4,0.8674941249191761,0.9106837681361607,0.9831820001789168,0.9948718277000229,1,0.4312260150909424,48.62029870632475,0,0,0,0,0,0,0.0706062987446785,0,0.0706062987446785
Inside_Out-Scene-0349.mp4,0.7141272129118442,0.85731689453125,0.969598742092357,0.9797485100081699,1,0.44946959614753723,48.72748010465414,0,0,0,0,0,0,0.14318151772022247,0,0.14318151772022247
Inside_Out-Scene-0469.mp4,0.985883933370528,0.9914311948029891,0.9973786858951345,0.9967918626650651,0,0.5222256183624268,69.23469379384031,0,0,0,0,0,0,0.26017969846725464,0,0.26017969846725464
Inside_Out-Scene-0603.mp4,0.8864820458555734,0.9178453671034946,0.9840434205298331,0.9877783323619751,1,0.6517013907432556,73.59008318312625,0,0,0,0,0,0,0.22500865161418915,0,0.22500865161418915
Inside_Out-Scene-0388.mp4,0.9813844027457299,0.981499213676948,0.9911604282902736,0.9943819983599081,1,0.6355558633804321,70.10555668366261,0,0,0,0,0,0,0.1791205108165741,0,0.1791205108165741
Inside_Out-Scene-0798.mp4,0.6982255002726679,0.8542034646739131,0.9722401544159534,0.9799122580849086,1,0.6095373034477234,53.1500982909367,0,0,0,0,0,0,0.1917640119791031,0,0.1917640119791031
Inside_Out-Scene-0887.mp4,0.9333763833683316,0.9512081335086634,0.9807365997164857,0.9885998777661785,1,0.6108400821685791,71.76929589813831,0,0,0,0,0,0,0.27041807770729065,0,0.27041807770729065
Inside_Out-Scene-0709.mp4,0.9439066263039907,0.9434114583333333,0.9746209873872644,0.9939075059195907,1,0.572256863117218,71.0054101442036,0,0,0,0,0,0,0.1680777370929718,0,0.1680777370929718
Inside_Out-Scene-0314.mp4,0.9514406456833794,0.9689476376488095,0.9842487279106589,0.9905835297381159,1,0.6121787428855896,72.0302501894393,0,0,0,0,0,0,0.2650870084762573,0,0.2650870084762573
Inside_Out-Scene-0122.mp4,0.9204524299244822,0.9269687982253086,0.9529084635715859,0.9913482518640815,1,0.44644036889076233,64.49526042473025,0,0,0,0,0,0,0.06512884050607681,0,0.06512884050607681
Inside_Out-Scene-0417.mp4,0.9761114765045255,0.9879320721293605,0.9895691469603893,0.9937261862121153,1,0.5905965566635132,69.14767188587408,0,0,0,0,0,0,0.1445285528898239,0,0.1445285528898239
Inside_Out-Scene-0474.mp4,0.967247073929156,0.9663164692540323,0.9661357543047737,0.9901153634587878,1,0.6599166393280029,62.41372885131836,0,0,0,0,0,0,0.2674809396266937,0,0.2674809396266937
Inside_Out-Scene-0307.mp4,0.8648187027037518,0.9312152982507862,0.9932279166053323,0.9933726828870321,0,0.5939435362815857,76.01680579185486,0,0,0,0,0,0,0.13457141816616058,0,0.13457141816616058
Inside_Out-Scene-0262.mp4,0.9453432209963022,0.9618288971656976,0.9715905731799556,0.989713724129713,1,0.617028534412384,73.06988446465854,0,0,0,0,0,0,0.2633841037750244,0,0.2633841037750244
Inside_Out-Scene-0643.mp4,0.953875867063052,0.984816459760274,0.987324571609497,0.9940901354833487,0,0.6627837419509888,79.07677882426493,0,0,0,0,0,0,0.21734066307544708,0,0.21734066307544708
Inside_Out-Scene-0290.mp4,0.981281722750144,0.9846978210159952,0.9933814885569554,0.9953012950859356,0,0.6529614329338074,61.48746997905227,0,0,0,0,0,0,0.22084355354309082,0,0.22084355354309082
Inside_Out-Scene-0437.mp4,0.832941721379757,0.9280843098958333,0.9439639484181124,0.9939818466349731,1,0.5944444537162781,64.93919833675845,0,0,0,0,0,0,0.2424549162387848,0,0.2424549162387848
Inside_Out-Scene-0248.mp4,0.962544157107671,0.97109375,0.9924531614079195,0.9942722319828565,0,0.5144892334938049,72.42019388498353,0,0,0,0,0,0,0.2329232543706894,0,0.2329232543706894
Inside_Out-Scene-0266.mp4,0.837107120382209,0.9534636466733871,0.9921376836066153,0.9945212056737935,1,0.6786285638809204,65.02213122558594,0,0,0,0,0,0,0.1617209017276764,0,0.1617209017276764
Inside_Out-Scene-0869.mp4,0.8378747832775116,0.8629329427083333,0.951249724743413,0.9788257189651525,1,0.6027172803878784,57.70153592762194,0,0,0,0,0,0,0.26316529512405396,0,0.26316529512405396
Inside_Out-Scene-0067.mp4,0.8889978448549907,0.9085872395833333,0.9755803519604253,0.9808176216794137,1,0.5195702910423279,68.21867204967297,0,0,0,0,0,0,0.1794452667236328,0,0.1794452667236328
Inside_Out-Scene-0919.mp4,0.8491541398774594,0.9022810349770642,0.9829572397119859,0.9901055039471207,1,0.6221904158592224,46.46852111816406,0,0,0,0,0,0,0.13366931676864624,0,0.13366931676864624
Inside_Out-Scene-0906.mp4,0.7699604159198612,0.8634239104856928,0.9801230804592955,0.9874425499292012,1,0.5529263615608215,44.590675942198246,0,0,0,0,0,0,0.19133318960666656,0,0.19133318960666656
Inside_Out-Scene-0667.mp4,0.9661611752318484,0.9756687709263393,0.9911479800355201,0.995027122525965,1,0.5968514680862427,74.61706867049226,0,0,0,0,0,0,0.190719336271286,0,0.190719336271286
Inside_Out-Scene-0943.mp4,0.9132192156144551,0.9062942672561813,0.9882670729768043,0.9955900237281127,1,0.6114851236343384,74.76262072787259,0,0,0,0,0,0,0.16356587409973145,0,0.16356587409973145
Inside_Out-Scene-0819.mp4,0.9624497732863977,0.9586087740384616,0.9909580642101812,0.9939818029108011,0,0.6469123959541321,48.98507683163597,0,0,0,0,0,0,0.16338440775871277,0,0.16338440775871277
Inside_Out-Scene-0608.mp4,0.8707517568199408,0.9248279389880952,0.9805771397609336,0.9932583471059891,1,0.5502750277519226,65.27202448195959,0,0,0,0,0,0,0.14368315041065216,0,0.14368315041065216
Inside_Out-Scene-0134.mp4,0.9938966685699092,0.989654541015625,0.997739377676272,0.9972166054446899,0,0.6524049043655396,75.11585820864325,0,0,0,0,0,0,0.2796420454978943,0,0.2796420454978943
Inside_Out-Scene-0914.mp4,0.809226981087311,0.894702808277027,0.9774819635877422,0.9846137601722093,1,0.6032220125198364,39.723639853048645,0,0,0,0,0,0,0.13057367503643036,0,0.13057367503643036
Inside_Out-Scene-0879.mp4,0.9716770266875242,0.9730881911057693,0.994412026685827,0.9960219756435602,0,0.5443191528320312,67.67074275922171,0,0,0,0,0,0,0.1589893102645874,0,0.1589893102645874
Inside_Out-Scene-0588.mp4,0.8977402482265816,0.9139945811795113,0.9927546660105387,0.9957665845394149,1,0.6067342162132263,44.83509772571165,0,0,0,0,0,0,0.1577201634645462,0,0.1577201634645462
Inside_Out-Scene-0141.mp4,0.809950650987511,0.9346507180950598,0.9949695100971296,0.995660654228813,0,0.56719970703125,71.02008020310174,0,0,0,0,0,0,0.1493125557899475,0,0.1493125557899475
Inside_Out-Scene-0690.mp4,0.9514013702670733,0.9699183872767857,0.9871506793826235,0.9931888289802375,1,0.6784340739250183,73.37588868982651,0,0,0,0,0,0,0.2637181878089905,0,0.2637181878089905
Inside_Out-Scene-0634.mp4,0.9289097643279015,0.9170363405917553,0.9724555426952886,0.9842823356897812,1,0.5967200398445129,73.30033942774722,0,0,0,0,0,0,0.23173916339874268,0,0.23173916339874268
Inside_Out-Scene-0358.mp4,0.5748149326320776,0.8450134906572165,0.8547136344161688,0.88235273493185,1,0.4374748468399048,29.87226562597314,0,0,0,0,0,0,0.1683816909790039,0,0.1683816909790039
Inside_Out-Scene-0208.mp4,0.8488784676089006,0.9370433134191176,0.9913624043558158,0.9938168928258032,0,0.6661967039108276,71.78548085412314,0,0,0,0,0,0,0.1294112354516983,0,0.1294112354516983
Inside_Out-Scene-0430.mp4,0.7149129180226498,0.9033977942552395,0.9905139670652502,0.9922199756724793,1,0.6068782806396484,72.7019583384196,0,0,0,0,0,0,0.15101972222328186,0,0.15101972222328186
Inside_Out-Scene-0124.mp4,0.9739677463341685,0.9814500530946602,0.990343937219358,0.9941944335793808,0,0.6181325912475586,71.91801650707538,0,0,0,0,0,0,0.27429401874542236,0,0.27429401874542236
Inside_Out-Scene-0581.mp4,0.93767049908638,0.9397713082735656,0.9976233861025642,0.9970350977523338,1,0.5626686811447144,72.51935707650533,0,0,0,0,0,0,0.21620959043502808,0,0.21620959043502808
Inside_Out-Scene-0704.mp4,0.8580139217468409,0.9084622896634615,0.9892990028156954,0.9945974996935304,1,0.4511241316795349,50.60129378224147,0,0,0,0,0,0,0.22415488958358765,0,0.22415488958358765
Inside_Out-Scene-0473.mp4,0.998556657171831,0.994652724847561,0.9997105209266438,0.9947607903839796,0,0.580732524394989,68.76331292577537,0,0,0,0,0,0,0.2215440571308136,0,0.2215440571308136
Inside_Out-Scene-0835.mp4,0.8120871567994021,0.8995649359199438,0.9469642639160156,0.9863701466370312,1,0.6097164750099182,64.90292964511447,0,0,0,0,0,0,0.27206745743751526,0,0.27206745743751526
Inside_Out-Scene-1003.mp4,0.9309273505652392,0.8808978045428241,0.9731659702226227,0.9929465657393025,1,0.4116498529911041,71.6058063332094,0,0,0,0,0,0,0.17336434125900269,0,0.17336434125900269
Inside_Out-Scene-0228.mp4,0.9690822780132293,0.9741729736328125,0.9806123883116479,0.9932753741243797,1,0.6647173166275024,75.62866785496841,0,0,0,0,0,0,0.11797235906124115,0,0.11797235906124115
Inside_Out-Scene-0232.mp4,0.8362722988051128,0.9201302877286586,0.9848574563568714,0.9902308656360743,1,0.6264524459838867,73.98856630632955,0,0,0,0,0,0,0.25375357270240784,0,0.25375357270240784
Inside_Out-Scene-0064.mp4,0.8721796115239461,0.909619140625,0.9590872484094957,0.9827231377449072,1,0.5232419371604919,70.09624942980315,0,0,0,0,0,0,0.24578000605106354,0,0.24578000605106354
Inside_Out-Scene-0149.mp4,0.7231201548275985,0.8908133919783464,0.9277899723426969,0.957617973544013,1,0.5240322351455688,58.42673847079277,0,0,0,0,0,0,0.1595533937215805,0,0.1595533937215805
Inside_Out-Scene-0233.mp4,0.9538088598119931,0.9614123246801181,0.9823193325715907,0.9893322755385305,1,0.6467442512512207,64.10947272181511,0,0,0,0,0,0,0.25098973512649536,0,0.25098973512649536
Inside_Out-Scene-0062.mp4,0.8903603661222522,0.9169008423681972,0.9734940659766104,0.9914135208255959,1,0.6220329403877258,70.35918310526255,0,0,0,0,0,0,0.14429983496665955,0,0.14429983496665955
Inside_Out-Scene-0230.mp4,0.9708716094028205,0.9690303802490234,0.9863631276523366,0.9910443849547438,1,0.6335229873657227,70.65680700494337,0,0,0,0,0,0,0.2720363140106201,0,0.2720363140106201
Inside_Out-Scene-0535.mp4,0.9652408321874332,0.974049796045354,0.9920206004498051,0.9938268039484957,1,0.5888289213180542,44.51146758230109,0,0,0,0,0,0,0.22753062844276428,0,0.22753062844276428
Inside_Out-Scene-0398.mp4,0.8649875417854009,0.9226444544417135,0.9823040251638375,0.9855003390539876,1,0.5967248678207397,66.94098729394668,0,0,0,0,0,0,0.19286924600601196,0,0.19286924600601196
Inside_Out-Scene-0778.mp4,0.8644484930400607,0.9220078866693038,0.9877776145935059,0.9917002443965214,1,0.5112996697425842,46.30976355075836,0,0,0,0,0,0,0.14286434650421143,0,0.14286434650421143
Inside_Out-Scene-0315.mp4,0.8594673485798243,0.9298666327662722,0.9961069969569936,0.9957518203290404,0,0.6490793228149414,72.15499272066005,0,0,0,0,0,0,0.15174441039562225,0,0.15174441039562225
Inside_Out-Scene-0504.mp4,0.954657569527626,0.9606974283854167,0.9861947760862463,0.9917492541152264,1,0.6612848043441772,59.33658930880964,0,0,0,0,0,0,0.2005622237920761,0,0.2005622237920761
Inside_Out-Scene-0176.mp4,0.7296259687705473,0.8854536576704546,0.9882338785657696,0.9914512552283069,1,0.6789532899856567,74.12629235096468,0,0,0,0,0,0,0.10415183007717133,0,0.10415183007717133
Inside_Out-Scene-0285.mp4,0.9008583867779145,0.9461403871193911,0.9954267819722493,0.9955077579949755,0,0.6040553450584412,52.66525934304401,0,0,0,0,0,0,0.25625231862068176,0,0.25625231862068176
Inside_Out-Scene-0184.mp4,0.9527880227243578,0.965846706081081,0.979982593012791,0.9930793267566314,1,0.7369571924209595,72.25054819742839,0,0,0,0,0,0,0.18955817818641663,0,0.18955817818641663
Inside_Out-Scene-0900.mp4,0.6853506731636384,0.849541672137605,0.9959422172284593,0.9951504570009109,0,0.5704873204231262,49.47600792249044,0,0,0,0,0,0,0.2048969864845276,0,0.2048969864845276
Inside_Out-Scene-0700.mp4,0.7705164037835903,0.8607052534054487,0.9760018610486797,0.9907725881461982,1,0.6249490976333618,48.91005740588224,0,0,0,0,0,0,0.282999187707901,0,0.282999187707901
Inside_Out-Scene-0573.mp4,0.9811097540218254,0.9800330852640087,0.994143986234478,0.995130838370851,1,0.612778902053833,68.31177354470277,0,0,0,0,0,0,0.25464099645614624,0,0.25464099645614624
Inside_Out-Scene-0155.mp4,0.807032143840423,0.8923227163461539,0.9591562196320178,0.970959500662207,1,0.5818143486976624,60.78504965687526,0,0,0,0,0,0,0.24486678838729858,0,0.24486678838729858
Inside_Out-Scene-0520.mp4,0.9233766200843158,0.9389274528434685,0.9668305415733188,0.9785420587960212,1,0.5744724273681641,74.13416177885873,0,0,0,0,0,0,0.2309192419052124,0,0.2309192419052124
Inside_Out-Scene-0946.mp4,0.9812175884194996,0.9795160708220109,0.9868020319471172,0.9951670226897679,0,0.5565096735954285,67.77707733646515,0,0,0,0,0,0,0.13427585363388062,0,0.13427585363388062
Inside_Out-Scene-0882.mp4,0.9025887517134349,0.9398372395833333,0.9602534425024892,0.9892640461642197,1,0.61935955286026,74.89274858173572,0,0,0,0,0,0,0.17114102840423584,0,0.17114102840423584
Inside_Out-Scene-0548.mp4,0.9083105086111555,0.9503939759497549,0.9655239067825616,0.986362537326871,1,0.5961745381355286,60.69196519573915,0,0,0,0,0,0,0.23931200802326202,0,0.23931200802326202
Inside_Out-Scene-0512.mp4,0.961338746547699,0.9566867404513889,0.9951839821011412,0.9953234573504757,1,0.5461090207099915,69.16968720823854,0,0,0,0,0,0,0.2771645188331604,0,0.2771645188331604
Inside_Out-Scene-0170.mp4,0.9006376389903251,0.9347688308869949,0.9838487438127106,0.9940023438894513,1,0.633389949798584,73.86445485407384,0,0,0,0,0,0,0.14461374282836914,0,0.14461374282836914
Inside_Out-Scene-0727.mp4,0.9775235252133732,0.9458049905711207,0.9971417529910218,0.9966953587797757,0,0.5750551819801331,73.52154772505801,0,0,0,0,0,0,0.2424159049987793,0,0.2424159049987793
Inside_Out-Scene-0763.mp4,0.9548733741754577,0.9646635509672619,0.994012471741321,0.9945338468420634,1,0.4856995642185211,70.32439238604377,0,0,0,0,0,0,0.25741422176361084,0,0.25741422176361084
Inside_Out-Scene-0673.mp4,0.879432623044099,0.9210483060024752,0.9923281403148876,0.9955511742768095,1,0.5521833300590515,24.246202150980633,0,0,0,0,0,0,0.15739187598228455,0,0.15739187598228455
Inside_Out-Scene-0286.mp4,0.9485816086681795,0.959623954665493,0.9756122402116364,0.9947736011508513,1,0.547041118144989,66.27340417438083,0,0,0,0,0,0,0.13832655549049377,0,0.13832655549049377
Inside_Out-Scene-0864.mp4,0.7408813121365317,0.8820939300753546,0.9611289117850509,0.9942391034487355,1,0.6058533191680908,75.144113782426,0,0,0,0,0,0,0.1925809383392334,0,0.1925809383392334
Inside_Out-Scene-0606.mp4,0.8974867929169472,0.9426009807180851,0.9908399413613712,0.993659724998648,0,0.6479008197784424,76.97941336380808,0,0,0,0,0,0,0.21744495630264282,0,0.21744495630264282
Inside_Out-Scene-0292.mp4,0.9975998722589933,0.9917148687900641,0.9996661881313604,0.9976060737121296,0,0.6941955089569092,57.254410417774054,0,0,0,0,0,0,0.1263716220855713,0,0.1263716220855713
Inside_Out-Scene-0729.mp4,0.7038529658546815,0.8823922964242789,0.9928290147407383,0.9941301398626086,1,0.600666344165802,55.55141701471238,0,0,0,0,0,0,0.21509063243865967,0,0.21509063243865967
Inside_Out-Scene-0587.mp4,0.8619197827453414,0.9278284708658854,0.9523810592352175,0.9883109367487779,1,0.6088907718658447,47.73917357454595,0,0,0,0,0,0,0.12945693731307983,0,0.12945693731307983
Inside_Out-Scene-0258.mp4,0.8588461143161179,0.9526882346616973,0.9947156447990267,0.9947214746540572,1,0.6697449684143066,67.33704993508078,0,0,0,0,0,0,0.16166077554225922,0,0.16166077554225922
Inside_Out-Scene-0589.mp4,0.9832477629939212,0.978447636471519,0.9978893770891077,0.9974326331757898,0,0.5486249923706055,79.54461246778985,0,0,0,0,0,0,0.21810860931873322,0,0.21810860931873322
Inside_Out-Scene-0706.mp4,0.9336871779366825,0.9449860647823034,0.9844959165535722,0.9923206909956042,1,0.6615839600563049,56.3045950571696,0,0,0,0,0,0,0.24407875537872314,0,0.24407875537872314
Inside_Out-Scene-0683.mp4,0.9788131320898512,0.977711905420354,0.9904246554655187,0.9935731855081281,1,0.563260555267334,74.59466807047527,0,0,0,0,0,0,0.23129452764987946,0,0.23129452764987946
Inside_Out-Scene-1000.mp4,0.8272473519962085,0.9145764802631579,0.9431670357199277,0.9699820427497537,1,0.5778400897979736,59.78941800996855,0,0,0,0,0,0,0.22626641392707825,0,0.22626641392707825
Inside_Out-Scene-0362.mp4,0.9413171306900356,0.9218776537024457,0.99025611409954,0.9914412687277004,1,0.610616147518158,73.65800590925319,0,0,0,0,0,0,0.2609805166721344,0,0.2609805166721344
Inside_Out-Scene-0369.mp4,0.8859860878629783,0.933739730992268,0.9714291946560729,0.9931599780974097,1,0.6308012008666992,66.82014986933494,0,0,0,0,0,0,0.24414992332458496,0,0.24414992332458496
Inside_Out-Scene-0503.mp4,0.7466040160506964,0.8915456136067709,0.9568954654768401,0.9789893294938002,1,0.6111825108528137,56.36348759759333,0,0,0,0,0,0,0.2453344762325287,0,0.2453344762325287
Inside_Out-Scene-0576.mp4,0.837189108133316,0.9214200106534091,0.979450496972776,0.9889519215163619,1,0.6777032017707825,69.27798087317665,0,0,0,0,0,0,0.24805432558059692,0,0.24805432558059692
Inside_Out-Scene-0257.mp4,0.983196189963674,0.9857839561370482,0.9915341283760819,0.9945040117644846,1,0.6948909163475037,73.80060550144741,0,0,0,0,0,0,0.2652807831764221,0,0.2652807831764221
Inside_Out-Scene-0997.mp4,0.8050518357134485,0.9029778814935064,0.9554183174582088,0.9699892891207951,1,0.5747547149658203,59.433666131435295,0,0,0,0,0,0,0.23113605380058289,0,0.23113605380058289
Inside_Out-Scene-0213.mp4,0.8441987584618961,0.9414091222426471,0.9555783402686026,0.9827741369095649,1,0.609973669052124,66.22250973901083,0,0,0,0,0,0,0.24949391186237335,0,0.24949391186237335
Inside_Out-Scene-0549.mp4,0.938959379636106,0.9394618443080357,0.9866065259073294,0.991258599759777,1,0.6508654356002808,57.76975923426011,0,0,0,0,0,0,0.27132126688957214,0,0.27132126688957214
Inside_Out-Scene-0216.mp4,0.9130872240267605,0.9287697665662651,0.9669006011065315,0.9889526478669607,1,0.5766785740852356,65.0205629439581,0,0,0,0,0,0,0.1472354531288147,0,0.1472354531288147
Inside_Out-Scene-0274.mp4,0.7885877821594477,0.9362101236979167,0.9960442070867501,0.9958495206047097,1,0.6127033829689026,26.49276273112652,0,0,0,0,0,0,0.18194833397865295,0,0.18194833397865295
Inside_Out-Scene-0115.mp4,0.9791143191978335,0.8970972696940104,0.976632277170817,0.9938941868435474,1,0.6127786040306091,68.12924933679325,0,0,0,0,0,0,0.13266780972480774,0,0.13266780972480774
Inside_Out-Scene-0771.mp4,0.7539732578609671,0.8556014772445436,0.9783823050704656,0.9910406849696897,1,0.5595988035202026,48.18415336909256,0,0,0,0,0,0,0.21264928579330444,0,0.21264928579330444
Inside_Out-Scene-1037.mp4,0.8198387498656908,0.8897786458333333,0.9463790818756702,0.9804688700554525,1,0.5680729746818542,64.74884456592602,0,0,0,0,0,0,0.1834993064403534,0,0.1834993064403534
Inside_Out-Scene-0519.mp4,0.9879342076483737,0.982251799508427,0.9981909843052135,0.9967266958144673,0,0.6726954579353333,66.4777702331543,0,0,0,0,0,0,0.11253990978002548,0,0.11253990978002548
Inside_Out-Scene-0421.mp4,0.6698672642380419,0.766692685409331,0.9605262980741613,0.9760195765754861,1,0.510252833366394,47.67029457622104,0,0,0,0,0,0,0.14467263221740723,0,0.14467263221740723
Inside_Out-Scene-0878.mp4,0.7413103085967292,0.8930059112278761,0.971409777099011,0.9918644396030017,1,0.5899496078491211,52.84920679058945,0,0,0,0,0,0,0.11202912032604218,0,0.11202912032604218
Inside_Out-Scene-0186.mp4,0.8284661104766334,0.9214164919969512,0.9500069001141717,0.9628727341562064,1,0.5839728713035583,62.80853441537145,0,0,0,0,0,0,0.25725269317626953,0,0.25725269317626953
Inside_Out-Scene-0345.mp4,0.7578130790704414,0.8658771756329114,0.9560475929110658,0.9668727222330845,1,0.527575671672821,50.38743522167206,0,0,0,0,0,0,0.200508251786232,0,0.200508251786232
Inside_Out-Scene-0353.mp4,0.7403712364193661,0.8601297615400327,0.9804905498729033,0.9866653540905546,1,0.4819399416446686,69.4182814808635,0,0,0,0,0,0,0.24706310033798218,0,0.24706310033798218
Inside_Out-Scene-0085.mp4,0.9368011425523197,0.9583725873161765,0.9773279320959951,0.9931850125917137,1,0.6104652881622314,72.8438728687375,0,0,0,0,0,0,0.0732259601354599,0,0.0732259601354599
Inside_Out-Scene-0920.mp4,0.9212481104860119,0.9329594630821079,0.9644292008643057,0.982893959857656,1,0.6484786868095398,61.982719754709784,0,0,0,0,0,0,0.1054874062538147,0,0.1054874062538147
Inside_Out-Scene-0984.mp4,0.9312351823617251,0.9719488681891025,0.9776077812793208,0.993164187512414,1,0.6865149140357971,57.56480895416646,0,0,0,0,0,0,0.14248335361480713,0,0.14248335361480713
Inside_Out-Scene-1032.mp4,0.8938972116798483,0.9501480594758065,0.9560343387080174,0.9766346936296437,1,0.657926082611084,73.2780784444606,0,0,0,0,0,0,0.24844804406166077,0,0.24844804406166077
Inside_Out-Scene-0198.mp4,0.9605564642337061,0.9669307585685484,0.988915564032162,0.9936780274130322,1,0.6697389483451843,70.1856509966728,0,0,0,0,0,0,0.24833793938159943,0,0.24833793938159943
Inside_Out-Scene-0985.mp4,0.7995106170956905,0.9037804236778846,0.9724457665985706,0.9777952184642851,1,0.5684944987297058,69.77957863143727,0,0,0,0,0,0,0.21457330882549286,0,0.21457330882549286
Inside_Out-Scene-0834.mp4,0.9643237666344978,0.9518871038732394,0.9854095842324051,0.9953337547982156,0,0.6302103400230408,70.25265794330173,0,0,0,0,0,0,0.13139373064041138,0,0.13139373064041138
Inside_Out-Scene-0513.mp4,0.8677405577697112,0.9126497761587079,0.973849666819853,0.9815702130263464,1,0.6296892166137695,66.48329565260146,0,0,0,0,0,0,0.2658282220363617,0,0.2658282220363617
Inside_Out-Scene-0881.mp4,0.6990846012319837,0.8796502976190477,0.9504723567588657,0.9719969811827338,1,0.5240557789802551,59.10163984859691,0,0,0,0,0,0,0.2043197751045227,0,0.2043197751045227
Inside_Out-Scene-1006.mp4,0.7612238160064143,0.9005827872983871,0.9772236094755284,0.9885560901233389,1,0.6006150245666504,57.282759813161995,0,0,0,0,0,0,0.22645844519138336,0,0.22645844519138336
Inside_Out-Scene-0805.mp4,0.9230285543914235,0.933669903956422,0.9779845611721861,0.991586046313387,1,0.598552942276001,75.6773796081543,0,0,0,0,0,0,0.22605356574058533,0,0.22605356574058533
Inside_Out-Scene-1030.mp4,0.7192286183478451,0.8782835888261554,0.9880491425009335,0.9944469425138428,1,0.580229640007019,42.979031343340374,0,0,0,0,0,0,0.10827212035655975,0,0.10827212035655975
Inside_Out-Scene-0574.mp4,0.8132597386651899,0.9114542895962733,0.9824890697703642,0.9883738497554694,1,0.550431489944458,76.42289962297605,0,0,0,0,0,0,0.19250594079494476,0,0.19250594079494476
Inside_Out-Scene-0139.mp4,0.7483597621321678,0.8843655056423612,0.9941538366616941,0.9946358371934594,0,0.5417270064353943,73.05723571777344,0,0,0,0,0,0,0.1542520523071289,0,0.1542520523071289
Inside_Out-Scene-0502.mp4,0.9479077843438207,0.9561108614491151,0.9899729756747975,0.9933083612576332,1,0.6366903781890869,72.84553996303626,0,0,0,0,0,0,0.20540714263916016,0,0.20540714263916016
Inside_Out-Scene-0161.mp4,0.8745526078201475,0.9199055989583333,0.9682496613147212,0.9854668851789589,1,0.49904826283454895,68.58862553002699,0,0,0,0,0,0,0.16617825627326965,0,0.16617825627326965
Inside_Out-Scene-0331.mp4,0.9076390658714333,0.9546172472895408,0.9758384480195887,0.9849019491670125,1,0.6313861012458801,69.73806281041617,0,0,0,0,0,0,0.24728801846504211,0,0.24728801846504211
Inside_Out-Scene-0306.mp4,0.9669414241657113,0.9683467980587122,0.9879836549945906,0.9915200928756978,1,0.5809980034828186,72.77137406428058,0,0,0,0,0,0,0.12575386464595795,0,0.12575386464595795
Inside_Out-Scene-0476.mp4,0.9978382545403945,0.9923596504407052,0.9981468517406314,0.9970859407166369,0,0.5970519781112671,77.46680846395371,0,0,0,0,0,0,0.12781892716884613,0,0.12781892716884613
Inside_Out-Scene-0660.mp4,0.7537550207839083,0.8965918697527985,0.9535825654572132,0.9759455094752876,1,0.5091251730918884,60.352541549117475,0,0,0,0,0,0,0.14764992892742157,0,0.14764992892742157
Inside_Out-Scene-0695.mp4,0.9884160988471087,0.9406565946691177,0.9792176863726447,0.9952499509491725,0,0.35523125529289246,68.14884301119072,0,0,0,0,0,0,0.1763085126876831,0,0.1763085126876831
Inside_Out-Scene-0714.mp4,0.8738033491428252,0.9492843062789352,0.9881908837486716,0.9961996875896564,1,0.6338039636611938,58.16287882393653,0,0,0,0,0,0,0.20641684532165527,0,0.20641684532165527
Inside_Out-Scene-0332.mp4,0.9823867605104075,0.9848791345373377,0.9942128158083149,0.9957262538381174,0,0.7541729807853699,72.23900858561198,0,0,0,0,0,0,0.14608605206012726,0,0.14608605206012726
Inside_Out-Scene-0442.mp4,0.9900239113966623,0.98248046875,0.9988559078936483,0.9970087076121601,0,0.3876361846923828,68.2484076544149,0,0,0,0,0,0,0.14248546957969666,0,0.14248546957969666
Inside_Out-Scene-0135.mp4,0.8015362836420536,0.8715545654296875,0.985754514208027,0.992169662183289,1,0.6313549876213074,67.21914460923936,0,0,0,0,0,0,0.1739891916513443,0,0.1739891916513443
Inside_Out-Scene-0607.mp4,0.9664496228975408,0.9504681755514706,0.9753190264982335,0.9938557847886239,1,0.5982377529144287,77.15999097602312,0,0,0,0,0,0,0.15843509137630463,0,0.15843509137630463
Inside_Out-Scene-0146.mp4,0.8390359520106703,0.9101661475929054,0.9930062822267121,0.9954876515864313,0,0.5579599738121033,67.78515617319401,0,0,0,0,0,0,0.22494575381278992,0,0.22494575381278992
Inside_Out-Scene-0181.mp4,0.9540348507754215,0.9703987418831169,0.9772041975283156,0.9923059050652154,1,0.7285758852958679,72.99443009899508,0,0,0,0,0,0,0.17642337083816528,0,0.17642337083816528
Inside_Out-Scene-0059.mp4,0.775251206533968,0.8886234504132231,0.9909121158076267,0.9939383418731004,1,0.469325989484787,31.484001394178048,0,0,0,0,0,0,0.1653185784816742,0,0.1653185784816742
Inside_Out-Scene-1047.mp4,0.9217376844449476,0.9504239169034091,0.9878773745368509,0.994595711827333,1,0.5970482230186462,74.41983918885927,0,0,0,0,0,0,0.23472467064857483,0,0.23472467064857483
Inside_Out-Scene-0874.mp4,0.7075020318421034,0.864799303886218,0.9698743502298991,0.9795514950524566,1,0.4091648757457733,46.548843213707016,0,0,0,0,0,0,0.1352783441543579,0,0.1352783441543579
Inside_Out-Scene-0509.mp4,0.9381628146297053,0.9534976356907895,0.9674518435609107,0.9844037018888262,1,0.6340413093566895,69.81141221678102,0,0,0,0,0,0,0.17087961733341217,0,0.17087961733341217
Inside_Out-Scene-0054.mp4,0.9558023652016828,0.9649180536684783,0.9916606398189769,0.9961008971015191,0,0.6620851755142212,74.9196199637193,0,0,0,0,0,0,0.2661792039871216,0,0.2661792039871216
Inside_Out-Scene-0392.mp4,0.8400891396206814,0.9116801167582418,0.9777627028670965,0.9885486905270224,1,0.5979422926902771,72.90019298636395,0,0,0,0,0,0,0.15369296073913574,0,0.15369296073913574
Inside_Out-Scene-0579.mp4,0.8812475671594062,0.9194418232092697,0.9719077933068369,0.9898699389385499,1,0.583634078502655,66.5942982721595,0,0,0,0,0,0,0.1896267831325531,0,0.1896267831325531
Inside_Out-Scene-0860.mp4,0.9127560645584168,0.9529959825965447,0.9868116285286698,0.9891511277932545,1,0.5590193867683411,56.80802050329024,0,0,0,0,0,0,0.13616380095481873,0,0.13616380095481873
Inside_Out-Scene-0301.mp4,0.9860305201124262,0.9885766300154321,0.9922948514713961,0.9943284871310922,1,0.6530392169952393,73.69192532795232,0,0,0,0,0,0,0.2745837867259979,0,0.2745837867259979
Inside_Out-Scene-0178.mp4,0.9231629652020178,0.957074617084704,0.9755587559120328,0.9809330757799926,1,0.580823540687561,74.65071509866154,0,0,0,0,0,0,0.213973268866539,0,0.213973268866539
Inside_Out-Scene-0450.mp4,0.9543953251681829,0.946240876850329,0.9912881299561145,0.9941004870275081,1,0.6755365133285522,43.10932887684215,0,0,0,0,0,0,0.16026684641838074,0,0.16026684641838074
Inside_Out-Scene-0938.mp4,0.6582713704931256,0.8872037541946308,0.9972611506779988,0.9951623615121794,0,0.45845815539360046,42.26484978993734,0,0,0,0,0,0,0.10065194219350815,0,0.10065194219350815
Inside_Out-Scene-0998.mp4,0.8278386343396111,0.9084129762113764,0.9757988929748536,0.9931758576306441,1,0.5741195678710938,66.41766163490338,0,0,0,0,0,0,0.2185405194759369,0,0.2185405194759369
Inside_Out-Scene-0584.mp4,0.8943388429284096,0.91429931640625,0.9965862143273447,0.9969819253686557,1,0.5997135639190674,79.55394782830234,0,0,0,0,0,0,0.26812902092933655,0,0.26812902092933655
Inside_Out-Scene-0239.mp4,0.9866049053534022,0.985938881928066,0.9895592409021714,0.9901584805320335,0,0.6604676842689514,72.68541767441224,0,0,0,0,0,0,0.20295318961143494,0,0.20295318961143494
Inside_Out-Scene-0436.mp4,0.9118138718108336,0.9312032063802084,0.9759497941709032,0.9878891129316953,1,0.5735710263252258,60.92390407215465,0,0,0,0,0,0,0.13935190439224243,0,0.13935190439224243
Inside_Out-Scene-0818.mp4,0.903026925902518,0.9499046688988095,0.9660501517501532,0.9916875236248477,1,0.692179262638092,65.11177075003076,0,0,0,0,0,0,0.20384719967842102,0,0.20384719967842102
Inside_Out-Scene-0820.mp4,0.9793020959558159,0.9762973127693966,0.989009843153112,0.9933505912333714,1,0.7096942067146301,69.62348194667271,0,0,0,0,0,0,0.23514041304588318,0,0.23514041304588318
Inside_Out-Scene-0699.mp4,0.7904187693772181,0.8851112043353874,0.9853930903416054,0.994910786348751,1,0.5559775829315186,74.64512714305958,0,0,0,0,0,0,0.24805542826652527,0,0.24805542826652527
Inside_Out-Scene-0078.mp4,0.9919351488351822,0.9864280007102273,0.9978774620037453,0.996980806350084,0,0.5875633358955383,74.57237106185775,0,0,0,0,0,0,0.2748558819293976,0,0.2748558819293976
Inside_Out-Scene-0185.mp4,0.9685960394494674,0.9810479856004902,0.9876867509355732,0.9906817683389421,1,0.5683090090751648,71.96517722120562,0,0,0,0,0,0,0.24745823442935944,0,0.24745823442935944
Inside_Out-Scene-0378.mp4,0.9584545467869711,0.9761280124470338,0.9921872648538328,0.992870103691412,1,0.5578008890151978,72.07904639364291,0,0,0,0,0,0,0.25191617012023926,0,0.25191617012023926
Inside_Out-Scene-0649.mp4,0.9565136806697262,0.9741260762117347,0.9815087150124943,0.9880485780217436,1,0.6430552005767822,73.00737931993272,0,0,0,0,0,0,0.24527856707572937,0,0.24527856707572937
Inside_Out-Scene-0762.mp4,0.6887362731594435,0.7888046049735915,0.9770721809536803,0.9840294767135249,1,0.6313602328300476,58.49446593390571,0,0,0,0,0,0,0.12733563780784607,0,0.12733563780784607
Inside_Out-Scene-0823.mp4,0.9847981333732605,0.9858909429505814,0.9847493059494916,0.9939879010551249,0,0.7643439769744873,75.95805674585803,0,0,0,0,0,0,0.2242634892463684,0,0.2242634892463684
Inside_Out-Scene-0723.mp4,0.9768987596035004,0.9877861870659722,0.9973983241062538,0.9966756323101442,0,0.5986743569374084,72.16638230948612,0,0,0,0,0,0,0.19107528030872345,0,0.19107528030872345
Inside_Out-Scene-0728.mp4,0.797128818443288,0.8496929666270381,0.9862164011188582,0.9877959075062974,1,0.4657120108604431,56.048338285056495,0,0,0,0,0,0,0.12807106971740723,0,0.12807106971740723
Inside_Out-Scene-0196.mp4,0.8789347590362958,0.929782673463983,0.9872005471996232,0.990408641515406,1,0.6303767561912537,70.06358020225268,0,0,0,0,0,0,0.2566785216331482,0,0.2566785216331482
Inside_Out-Scene-0963.mp4,0.8339638905005252,0.8997231341422872,0.9845444810156728,0.9923768851394533,1,0.6532397270202637,61.29994245830335,0,0,0,0,0,0,0.1370837241411209,0,0.1370837241411209
Inside_Out-Scene-0553.mp4,0.9906162599722544,0.9791634114583333,0.9936447096805946,0.9958264024679636,1,0.6501098275184631,63.750222607662806,0,0,0,0,0,0,0.26900553703308105,0,0.26900553703308105
Inside_Out-Scene-0806.mp4,0.8708667797383978,0.9418125437266791,0.9929679978127574,0.9937724398462782,1,0.643496036529541,57.13553103694209,0,0,0,0,0,0,0.1592334508895874,0,0.1592334508895874
Inside_Out-Scene-0731.mp4,0.8048293903286075,0.8908842110339507,0.9404508328905292,0.9750152739954007,1,0.5430904030799866,58.477450114924736,0,0,0,0,0,0,0.1608758270740509,0,0.1608758270740509
Inside_Out-Scene-0622.mp4,0.9702950699085539,0.9720237038352273,0.9883948045618394,0.9945448442789596,1,0.6565142273902893,69.06522485111536,0,0,0,0,0,0,0.1678510308265686,0,0.1678510308265686
Inside_Out-Scene-0363.mp4,0.9815429703078487,0.9533413973721591,0.9976703318895078,0.9969870839700334,0,0.5934387445449829,78.47116637497805,0,0,0,0,0,0,0.23764699697494507,0,0.23764699697494507
Inside_Out-Scene-0663.mp4,0.9068170818105593,0.9379696603548728,0.9949172917534324,0.9948150282092679,0,0.5660200715065002,74.03786027481787,0,0,0,0,0,0,0.19279947876930237,0,0.19279947876930237
Inside_Out-Scene-0264.mp4,0.8396093144507731,0.958347126588983,0.993640723882937,0.9945771506959745,1,0.6365349292755127,65.50699679591075,0,0,0,0,0,0,0.1585109382867813,0,0.1585109382867813
Inside_Out-Scene-1004.mp4,0.7365815170385219,0.8937536168981481,0.9820279607585832,0.9921591628428857,1,0.4379963278770447,67.3903760617496,0,0,0,0,0,0,0.2096724510192871,0,0.2096724510192871
Inside_Out-Scene-0854.mp4,0.907216110041267,0.9011898643092106,0.9836790926316206,0.994977609078392,1,0.40219777822494507,51.09580246607462,0,0,0,0,0,0,0.1545948088169098,0,0.1545948088169098
Inside_Out-Scene-0861.mp4,0.9705658577665498,0.9804563884493671,0.985270123388253,0.9914020298692707,1,0.7006904482841492,72.93738031387329,0,0,0,0,0,0,0.24554473161697388,0,0.24554473161697388
Inside_Out-Scene-0812.mp4,0.9761704763808807,0.9684836647727273,0.994493844462376,0.9959493243911302,0,0.5102848410606384,71.09152182554587,0,0,0,0,0,0,0.12843547761440277,0,0.12843547761440277
Inside_Out-Scene-0633.mp4,0.6948307144219976,0.8662844738328314,0.9598124747182809,0.9794812115200089,1,0.4982015788555145,57.863858200118926,0,0,0,0,0,0,0.09750989079475403,0,0.09750989079475403
Inside_Out-Scene-0913.mp4,0.9305830223219735,0.956689453125,0.9803044767940745,0.9928083114173674,1,0.6764893531799316,70.26631740354142,0,0,0,0,0,0,0.22466471791267395,0,0.22466471791267395
Inside_Out-Scene-0908.mp4,0.9940463893384819,0.9889960231551205,0.9989360950741113,0.9970776032779618,0,0.6952977776527405,35.31683504013788,0,0,0,0,0,0,0.21076829731464386,0,0.21076829731464386
Inside_Out-Scene-0317.mp4,0.9472863781002333,0.9582220113502359,0.9849946050082936,0.991885466741534,1,0.6163915991783142,74.71374026860032,0,0,0,0,0,0,0.25890830159187317,0,0.25890830159187317
Inside_Out-Scene-0291.mp4,0.9669573187828064,0.9659765625,0.9898895142125148,0.9954047214531389,0,0.6339407563209534,61.10391816998472,0,0,0,0,0,0,0.205942302942276,0,0.205942302942276
Inside_Out-Scene-0234.mp4,0.8588318329664969,0.9162341702368951,0.991665756001192,0.9936409759883311,1,0.5812276601791382,72.88768685913087,0,0,0,0,0,0,0.1978207230567932,0,0.1978207230567932
Inside_Out-Scene-0391.mp4,0.9684061964148099,0.9803252859213918,0.9872301129733815,0.9929797240813657,1,0.7231178879737854,71.43832000421018,0,0,0,0,0,0,0.17603886127471924,0,0.17603886127471924
Inside_Out-Scene-1036.mp4,0.7061250490046317,0.8564957157258064,0.9760362494225595,0.9896340385469096,1,0.6067999005317688,66.86721500983604,0,0,0,0,0,0,0.17910823225975037,0,0.17910823225975037
Inside_Out-Scene-0799.mp4,0.8147533411352799,0.9029267409752155,0.9734466141345455,0.9921114376019938,1,0.6099217534065247,72.43482358231503,0,0,0,0,0,0,0.1829690784215927,0,0.1829690784215927
Inside_Out-Scene-0387.mp4,0.9519277032878664,0.9575776599702381,0.9914663146523869,0.9928901118274813,1,0.5417529344558716,69.96338332168699,0,0,0,0,0,0,0.2673380374908447,0,0.2673380374908447
Inside_Out-Scene-0104.mp4,0.9253257917357491,0.9269848803540209,0.9820065180460612,0.9952758322597064,0,0.5365832448005676,70.26811734835307,0,0,0,0,0,0,0.12147825211286545,0,0.12147825211286545
Inside_Out-Scene-0410.mp4,0.9605179924643441,0.9712078651685393,0.9855168763329001,0.9894514342917419,1,0.5984741449356079,71.37155592176649,0,0,0,0,0,0,0.25284814834594727,0,0.25284814834594727
Inside_Out-Scene-0601.mp4,0.9985638040454448,0.9850807510504201,0.9989472268843184,0.9976546432376396,0,0.6404121518135071,78.86995951334636,0,0,0,0,0,0,0.19645443558692932,0,0.19645443558692932
Inside_Out-Scene-0284.mp4,0.9255911878895658,0.9617543924709916,0.9862794259015252,0.9936435300900283,1,0.6635391116142273,62.1273024102219,0,0,0,0,0,0,0.23042695224285126,0,0.23042695224285126
Inside_Out-Scene-0376.mp4,0.914655283941486,0.9618922287855691,0.986151663462321,0.9923568118917607,1,0.6169232726097107,73.70550346374512,0,0,0,0,0,0,0.1495255082845688,0,0.1495255082845688
Inside_Out-Scene-0720.mp4,0.962716302401583,0.9767413072183099,0.9949211209428077,0.9958324585955781,1,0.642327606678009,67.09989107979669,0,0,0,0,0,0,0.21690145134925842,0,0.21690145134925842
Inside_Out-Scene-0787.mp4,0.8200746120921537,0.9062667547487745,0.9886561459186031,0.9937004078811686,1,0.534661591053009,59.00758652105564,0,0,0,0,0,0,0.1846971958875656,0,0.1846971958875656
Inside_Out-Scene-0282.mp4,0.8607762786390868,0.9096920033193006,0.9892652390049953,0.9926057576159215,1,0.5531697869300842,57.476788393000966,0,0,0,0,0,0,0.23183642327785492,0,0.23183642327785492
Inside_Out-Scene-0784.mp4,0.9811221610141706,0.9552573674841772,0.9950582139632281,0.9960357704741044,0,0.4919082224369049,72.0197509765625,0,0,0,0,0,0,0.16117890179157257,0,0.16117890179157257
Inside_Out-Scene-0168.mp4,0.9740145984496779,0.9790784530057252,0.9922347054761999,0.9961011838937459,1,0.6572846174240112,77.58231261282256,0,0,0,0,0,0,0.18602335453033447,0,0.18602335453033447
Inside_Out-Scene-0060.mp4,0.8390710967224698,0.888328374818314,0.9503793903425628,0.9716079003713649,1,0.5904523730278015,60.81809440700487,0,0,0,0,0,0,0.22398611903190613,0,0.22398611903190613
Inside_Out-Scene-0138.mp4,0.9621956552329817,0.9656918174342105,0.9852381350947361,0.9918580531530754,1,0.6427820920944214,73.76134792963664,0,0,0,0,0,0,0.26062387228012085,0,0.26062387228012085
Inside_Out-Scene-0312.mp4,0.93013779762425,0.9468700553797469,0.9688838042464911,0.9758160214416172,1,0.5833635330200195,71.5964051246643,0,0,0,0,0,0,0.2670699954032898,0,0.2670699954032898
Inside_Out-Scene-0847.mp4,0.9111139390203687,0.9274224175347222,0.9714570382062127,0.990432901385863,1,0.568333625793457,73.49032760452438,0,0,0,0,0,0,0.09838349372148514,0,0.09838349372148514
Inside_Out-Scene-1022.mp4,0.9341915119653461,0.9729200341235632,0.9680506575341318,0.9808114460215491,1,0.620711624622345,74.5632872581482,0,0,0,0,0,0,0.19165228307247162,0,0.19165228307247162
Inside_Out-Scene-0585.mp4,0.9041946071317826,0.9530352011494253,0.9682415719125785,0.9784941828212288,1,0.6542890071868896,67.01414676146074,0,0,0,0,0,0,0.11299290508031845,0,0.11299290508031845
Inside_Out-Scene-0639.mp4,0.9720725939597612,0.967993465470679,0.9874993361678778,0.9928659350288469,1,0.5310965180397034,70.55186122801246,0,0,0,0,0,0,0.13505853712558746,0,0.13505853712558746
Inside_Out-Scene-0464.mp4,0.9467031965995657,0.9432836072198276,0.9759202377468932,0.988848075529439,1,0.6245967149734497,75.34484698555686,0,0,0,0,0,0,0.13961444795131683,0,0.13961444795131683
Inside_Out-Scene-0527.mp4,0.984434283205441,0.9795706612723214,0.988982458675609,0.9939249261776041,0,0.6905446648597717,65.49992289823645,0,0,0,0,0,0,0.24675603210926056,0,0.24675603210926056
Inside_Out-Scene-0489.mp4,0.9551677340783443,0.9573361159581218,0.9741922359840542,0.9920852244189857,1,0.6578198075294495,73.15487859706685,0,0,0,0,0,0,0.23372144997119904,0,0.23372144997119904
Inside_Out-Scene-0395.mp4,0.8640533035828007,0.9287075466579862,0.991510783924776,0.9927369813555423,0,0.6252269148826599,74.4457439265839,0,0,0,0,0,0,0.149415984749794,0,0.149415984749794
Inside_Out-Scene-0679.mp4,0.9662324588459271,0.9625877967247596,0.993917778894013,0.9954896748741341,1,0.640449047088623,69.8266973223005,0,0,0,0,0,0,0.27861297130584717,0,0.27861297130584717
Inside_Out-Scene-0061.mp4,0.7304913516716934,0.8751423189425356,0.9798476630566166,0.9939347187100149,1,0.5226414799690247,47.286741733551025,0,0,0,0,0,0,0.20395877957344055,0,0.20395877957344055
Inside_Out-Scene-0431.mp4,0.8626585877378573,0.9168733127454188,0.9888524167677936,0.9902156060350283,1,0.6021538972854614,60.21610951423645,0,0,0,0,0,0,0.19591251015663147,0,0.19591251015663147
Inside_Out-Scene-0201.mp4,0.9492676668479795,0.958924340420082,0.971905190336938,0.9892201895458733,1,0.6732589602470398,70.9789443597561,0,0,0,0,0,0,0.2476968765258789,0,0.2476968765258789
Inside_Out-Scene-0824.mp4,0.8709097947579264,0.9267444714822405,0.9917685929466696,0.9945896998014543,0,0.7049240469932556,71.16765115572059,0,0,0,0,0,0,0.24538660049438477,0,0.24538660049438477
Inside_Out-Scene-0035.mp4,0.7835084353114518,0.9088770906690141,0.9432482401529948,0.9580759800139191,1,0.5597469806671143,50.98077630996704,0,0,0,0,0,0,0.11469307541847229,0,0.11469307541847229
Inside_Out-Scene-0618.mp4,0.9419315547654123,0.9603844844933712,0.9714806257509718,0.9843181172503295,1,0.6458407640457153,67.90096804970189,0,0,0,0,0,0,0.24055765569210052,0,0.24055765569210052
Inside_Out-Scene-0438.mp4,0.7737051457921161,0.9074088953718354,0.9808865659377154,0.9900934683583784,1,0.45292311906814575,44.288309478759764,0,0,0,0,0,0,0.15686453878879547,0,0.15686453878879547
Inside_Out-Scene-0559.mp4,0.948490540497005,0.9714253743489584,0.9857592040417241,0.9913466305165971,1,0.6306232810020447,71.7314556161153,0,0,0,0,0,0,0.17866414785385132,0,0.17866414785385132
Inside_Out-Scene-0751.mp4,0.7506211828982946,0.860816140776699,0.9876929554284788,0.9918844962758665,1,0.6461741328239441,63.273254724649284,0,0,0,0,0,0,0.17538845539093018,0,0.17538845539093018
Inside_Out-Scene-0684.mp4,0.9497314557771791,0.9539670077237216,0.9885480338451909,0.9923570411730092,1,0.6084687113761902,74.97906136378056,0,0,0,0,0,0,0.22842690348625183,0,0.22842690348625183
Inside_Out-Scene-0702.mp4,0.9350081562269025,0.9638374142530488,0.984328503702201,0.992313406325217,1,0.6238355040550232,74.17409478612693,0,0,0,0,0,0,0.2009960114955902,0,0.2009960114955902
Inside_Out-Scene-0102.mp4,0.7828616280364626,0.8910760078721374,0.9644683202107748,0.9787712757162853,1,0.5899434685707092,48.19560522021669,0,0,0,0,0,0,0.2384175956249237,0,0.2384175956249237
Inside_Out-Scene-1002.mp4,0.6637568096040001,0.8960751815580986,0.9763517304962757,0.981202896364307,1,0.4083417057991028,57.15446758270264,0,0,0,0,0,0,0.17575478553771973,0,0.17575478553771973
Inside_Out-Scene-0132.mp4,0.7986704686592365,0.8950717268318965,0.9955821855395448,0.9942123379951832,0,0.6533981561660767,63.93591802414149,0,0,0,0,0,0,0.14242896437644958,0,0.14242896437644958
Inside_Out-Scene-0187.mp4,0.895706112690018,0.9383786703653382,0.993894590583502,0.9965581055571126,1,0.49488839507102966,48.11485195159912,0,0,0,0,0,0,0.20775160193443298,0,0.20775160193443298
Inside_Out-Scene-0961.mp4,0.8044672974977981,0.9071599786931818,0.9740949219348384,0.9909521023397785,1,0.6381969451904297,66.73427753125208,0,0,0,0,0,0,0.13886608183383942,0,0.13886608183383942
Inside_Out-Scene-0980.mp4,0.9571868094070902,0.9597121904481132,0.9748387000140022,0.9830397732062873,1,0.6226337552070618,75.87307910384419,0,0,0,0,0,0,0.23864376544952393,0,0.23864376544952393
Inside_Out-Scene-0647.mp4,0.8995820009332942,0.9370963029035433,0.964066213719985,0.9870390046536447,1,0.6620551347732544,72.82764807343483,0,0,0,0,0,0,0.22559061646461487,0,0.22559061646461487
Inside_Out-Scene-0827.mp4,0.9669360493960446,0.9741478488869864,0.9935516104978673,0.9956300568281153,1,0.5807860493659973,67.69870258021999,0,0,0,0,0,0,0.1544598639011383,0,0.1544598639011383
Inside_Out-Scene-0367.mp4,0.8226843935050322,0.899608826369382,0.9248192731071921,0.9740561506925418,1,0.6297121047973633,68.4151251051161,0,0,0,0,0,0,0.2507905066013336,0,0.2507905066013336
Inside_Out-Scene-0337.mp4,0.9887845658848429,0.9839534922542735,0.9965543482817856,0.9963674303546983,0,0.7305781245231628,68.45727474406614,0,0,0,0,0,0,0.14247477054595947,0,0.14247477054595947
Inside_Out-Scene-0432.mp4,0.9962216529760275,0.9971890836148649,0.9989201607657414,0.9973564483799505,0,0.6225699782371521,76.10378796713692,0,0,0,0,0,0,0.23461446166038513,0,0.23461446166038513
Inside_Out-Scene-0212.mp4,0.7600532603728307,0.8724381087662337,0.9811528953851438,0.9914863347524547,1,0.563306987285614,74.47944103143153,0,0,0,0,0,0,0.26146242022514343,0,0.26146242022514343
Inside_Out-Scene-0261.mp4,0.9882589635696817,0.9898266082114362,0.9942443104351268,0.9954910568777243,0,0.7097994089126587,73.38173137464021,0,0,0,0,0,0,0.2631460130214691,0,0.2631460130214691
Inside_Out-Scene-0967.mp4,0.8648464890974986,0.8895217316060127,0.9352564718209061,0.9561749030353673,1,0.5924660563468933,51.0842351436615,0,0,0,0,0,0,0.2383110523223877,0,0.2383110523223877
Inside_Out-Scene-1049.mp4,0.9852729609495476,0.9797888647151899,0.9937407241148107,0.9960481004093761,0,0.6845425367355347,72.28805828094482,0,0,0,0,0,0,0.24613532423973083,0,0.24613532423973083
Inside_Out-Scene-0866.mp4,0.7024850331416185,0.8658502752130682,0.9578472698436064,0.9766380989451523,1,0.5642554759979248,52.846340200874245,0,0,0,0,0,0,0.18552221357822418,0,0.18552221357822418
Inside_Out-Scene-0582.mp4,0.9044519709423184,0.9456863403320312,0.9618253520890778,0.9848297540356914,1,0.6400371789932251,70.99834556186322,0,0,0,0,0,0,0.23079290986061096,0,0.23079290986061096
Inside_Out-Scene-0911.mp4,0.9209512911545925,0.9461951622596154,0.9801726584341012,0.9912749345131505,1,0.6293166875839233,70.732401594331,0,0,0,0,0,0,0.23394688963890076,0,0.23394688963890076
Inside_Out-Scene-0931.mp4,0.7064371854066849,0.8545771059782609,0.9940558012794046,0.9951480702805142,1,0.5153859257698059,44.73747725452451,0,0,0,0,0,0,0.17360694706439972,0,0.17360694706439972
Inside_Out-Scene-0947.mp4,0.9836955926840818,0.9859109226661392,0.9932385028577319,0.9945356755590676,1,0.6098181009292603,75.49986982345581,0,0,0,0,0,0,0.25684309005737305,0,0.25684309005737305
Inside_Out-Scene-0765.mp4,0.6946410734863843,0.859958065257353,0.9866863073087206,0.9881447638962134,1,0.5270965695381165,55.919928883397304,0,0,0,0,0,0,0.2128746509552002,0,0.2128746509552002
Inside_Out-Scene-0302.mp4,0.875511792318597,0.9429277451657458,0.9786440250920314,0.9856103006737674,1,0.6437750458717346,68.7876761509822,0,0,0,0,0,0,0.17468522489070892,0,0.17468522489070892
Inside_Out-Scene-0136.mp4,0.8358693380247463,0.8990145596590909,0.9931977641348745,0.9948017461382311,0,0.5801052451133728,73.4118654925124,0,0,0,0,0,0,0.17573152482509613,0,0.17573152482509613
Inside_Out-Scene-0297.mp4,0.927066840024458,0.9658169216579862,0.9879569754881017,0.9939904522556836,1,0.6047644019126892,70.48104650563207,0,0,0,0,0,0,0.1723591387271881,0,0.1723591387271881
Inside_Out-Scene-0116.mp4,0.9508871042575592,0.9475316756810898,0.9734009275249407,0.9924371303776998,0,0.7528412342071533,67.19014083282858,0,0,0,0,0,0,0.15317592024803162,0,0.15317592024803162
Inside_Out-Scene-0305.mp4,0.7653889299106242,0.8656242712220149,0.9499177820542279,0.9760815784891055,1,0.64454185962677,57.900862545437285,0,0,0,0,0,0,0.12330019474029541,0,0.12330019474029541
Inside_Out-Scene-0951.mp4,0.9699154259636998,0.9792694091796875,0.9868976069431679,0.9899297486720704,1,0.5997235774993896,75.28986704571646,0,0,0,0,0,0,0.25342467427253723,0,0.25342467427253723
Inside_Out-Scene-0960.mp4,0.746326415960131,0.8447034112338362,0.9852709414912205,0.9930805802844764,0,0.5890998244285583,66.98852301051474,0,0,0,0,0,0,0.14307932555675507,0,0.14307932555675507
Inside_Out-Scene-0523.mp4,0.863513333667623,0.9324165570853961,0.9320024078967525,0.9733949848957073,1,0.654712975025177,58.10509666742063,0,0,0,0,0,0,0.26856687664985657,0,0.26856687664985657
Inside_Out-Scene-0275.mp4,0.9747885081393659,0.9866590263429752,0.9873237020829144,0.9926511221682603,1,0.6506597995758057,75.19599295444176,0,0,0,0,0,0,0.25665223598480225,0,0.25665223598480225
Inside_Out-Scene-0545.mp4,0.9861082539155885,0.971923828125,0.9915780020695106,0.9932676506620355,1,0.6659842133522034,66.96107243268918,0,0,0,0,0,0,0.23565077781677246,0,0.23565077781677246
Inside_Out-Scene-0528.mp4,0.9131083478187693,0.9376459231321839,0.9936819693621467,0.9960979829638215,1,0.5513767600059509,25.250235752625898,0,0,0,0,0,0,0.2267257273197174,0,0.2267257273197174
Inside_Out-Scene-0500.mp4,0.9381574054086019,0.9532025049603174,0.9908564146827249,0.994167863158638,1,0.6447784900665283,74.50573682409572,0,0,0,0,0,0,0.1979278177022934,0,0.1979278177022934
Inside_Out-Scene-0250.mp4,0.9808132240460032,0.9844127836681548,0.994328987832163,0.9955290607090744,0,0.5238156318664551,72.60325460994945,0,0,0,0,0,0,0.26380008459091187,0,0.26380008459091187
Inside_Out-Scene-0477.mp4,0.9809539035986398,0.9793990040553435,0.9923101411146276,0.9931630911370563,0,0.6489337682723999,56.758367798545144,0,0,0,0,0,0,0.2363792508840561,0,0.2363792508840561
Inside_Out-Scene-1048.mp4,0.9785510270865923,0.9830158666237113,0.9911053760378968,0.9960575604255762,0,0.6384034156799316,59.72990047688387,0,0,0,0,0,0,0.22634738683700562,0,0.22634738683700562
Inside_Out-Scene-0638.mp4,0.8371617842023655,0.8498824814618644,0.9798293618594899,0.9917018829806021,1,0.5390461683273315,65.84611328509675,0,0,0,0,0,0,0.13520976901054382,0,0.13520976901054382
Inside_Out-Scene-0374.mp4,0.9475031565779295,0.965721195579594,0.9967245279573926,0.996016711878466,0,0.6305865049362183,75.31353159153716,0,0,0,0,0,0,0.1396242380142212,0,0.1396242380142212
Inside_Out-Scene-0433.mp4,0.8146376917336849,0.8708781790226063,0.992808178359387,0.9949304056017381,1,0.6954904198646545,47.076470666182665,0,0,0,0,0,0,0.15560761094093323,0,0.15560761094093323
Inside_Out-Scene-0781.mp4,0.8194722766903314,0.9251727479876894,0.9927940097509645,0.9941675488774822,0,0.6071911454200745,60.381741115025115,0,0,0,0,0,0,0.2463737428188324,0,0.2463737428188324
Inside_Out-Scene-0098.mp4,0.9006475567817688,0.9025245949074074,0.9625229330623851,0.9799669793488229,1,0.5938699245452881,70.73330898845897,0,0,0,0,0,0,0.26359936594963074,0,0.26359936594963074
Inside_Out-Scene-0480.mp4,0.9788643808075876,0.9782344933712122,0.9935937764597874,0.9944751847112302,1,0.6626765131950378,71.75073059082031,0,0,0,0,0,0,0.25756576657295227,0,0.25756576657295227
Inside_Out-Scene-0407.mp4,0.9348950123085695,0.9577144334296218,0.9930596547968248,0.9943776151612036,1,0.6074373126029968,71.03501796722412,0,0,0,0,0,0,0.16712865233421326,0,0.16712865233421326
Inside_Out-Scene-0599.mp4,0.9660517946935036,0.9465366417253521,0.9933060351540061,0.995842271883033,1,0.5324104428291321,76.75252278645833,0,0,0,0,0,0,0.18664826452732086,0,0.18664826452732086
Inside_Out-Scene-0551.mp4,0.9414332377995159,0.959233710106383,0.9865328872905058,0.9937849059827121,1,0.6553424000740051,56.9855938495045,0,0,0,0,0,0,0.2665614187717438,0,0.2665614187717438
Inside_Out-Scene-0390.mp4,0.9721355459906839,0.9830655184659091,0.9954351481269388,0.995915168524387,0,0.678443193435669,74.85124550209389,0,0,0,0,0,0,0.22033344209194183,0,0.22033344209194183
Inside_Out-Scene-0522.mp4,0.957386325086866,0.9743861607142857,0.9909670437083525,0.9933327644856317,1,0.6473376750946045,63.79207823411474,0,0,0,0,0,0,0.11896105110645294,0,0.11896105110645294
Inside_Out-Scene-0032.mp4,0.9064358317945885,0.9681713674950787,0.9972960981668211,0.9966327893654604,0,0.5726256370544434,75.07510828971863,0,0,0,0,0,0,0.1810767501592636,0,0.1810767501592636
Inside_Out-Scene-0825.mp4,0.8992094835899409,0.933178947967233,0.9972248446707632,0.9961416632007236,1,0.5373743772506714,49.387906257922836,0,0,0,0,0,0,0.17000845074653625,0,0.17000845074653625
Inside_Out-Scene-0636.mp4,0.7274947272879737,0.8880375453404018,0.9683634066114238,0.9859894162895997,1,0.5936688184738159,70.88938637117369,0,0,0,0,0,0,0.059079259634017944,0,0.059079259634017944
Inside_Out-Scene-0128.mp4,0.8307591129094363,0.8745941162109375,0.9194483588723575,0.9557113692425915,1,0.5834134817123413,56.61761521704403,0,0,0,0,0,0,0.09915289282798767,0,0.09915289282798767
Inside_Out-Scene-0403.mp4,0.971642079949379,0.963323974609375,0.9959165194455315,0.9960314039112301,1,0.5969038605690002,76.44124641103193,0,0,0,0,0,0,0.23422715067863464,0,0.23422715067863464
Inside_Out-Scene-0889.mp4,0.931527763830893,0.9624670780066288,0.9852425210616168,0.9917772508811792,1,0.6763368844985962,72.16764668055943,0,0,0,0,0,0,0.25672927498817444,0,0.25672927498817444
Inside_Out-Scene-0316.mp4,0.8860784775989,0.9378031885901162,0.9947227875391642,0.9936051194309741,0,0.6793146729469299,74.23869765246356,0,0,0,0,0,0,0.13323485851287842,0,0.13323485851287842
